"","Kingdom","Phylum","Class","Order","Family","Genus","Species"
"CCTACGGGTGGCTGCAGGCGCGAAACCTCCGCAATGTGAGAAATCGCGACGGGGGGATCCCAAGTGCCATTCTTAACGGGATGGCTTTTCATTAGTGTAAAGAGCTTTTGGAATAAGAGCTGGGCAAGACCGGTGCCAGCCGCCGCGGTAACACCGGCAGCTCTAGTGGTAACAATTTTTATTGGGCCTAAAGCGTCCGTAGCCGGTTTAATAAGTCTCTGGTGAAATCCTGTAGCTTAACTGTGGGAATTGCTGGAGATACTATTAGACTTGAGACCGGGAGAGGTTAGAGGTACTCCCAGGGTAGAGGTGAAATTCTGTAATCCTGGGAGGACCGCCTGTTGCGAAGGCGTCTAACTGGAACGGTTCTGACGGTGAGGGACGAAAGTTAGGGGCGCGAACCGGATTAGATACCCCAGTAGTC","Archaea","Euryarchaeota","Methanobacteria","Methanobacteriales","Methanobacteriaceae","Methanobrevibacter",NA
"CCTACGGGTGGCTGCAGGCGCGAAACCTCCGCAATGTGAGAAATCGCGACGGGGGGATCCCAAGTGCCATTCTTAACGGGATGGCTTTTCATTAGTGTAAAGAGCTTTTGGAATAAGGGCTGGGCAAGACCGGTGCCAGCCGCCGCGGTAACACCGGCAGCTCTAGTGGTAGCAGTTTTTATTGGGCCTAAAGCGTCCGTAGCCGGTTTAATAAGTCTCTGGTGAAATCCTGTAGCTTAACTGTGGGAATTGCTGGAGATACTATTAGACTTGAGACCGGGAGAGGTTAGAGGTACTCCCAGGGTAGAGGTGAAATTCTGTAATCCTGGGAGGACCGCCTGTTGCGAAGGCGTCTAACTGGAACGGTTCTGACGGTGAGGGACGAAAGTTAGGGGCGCGAACCGGATTAGATACCCCTGTAGTC","Archaea","Euryarchaeota","Methanobacteria","Methanobacteriales","Methanobacteriaceae","Methanobrevibacter",NA
"CCTACGGGAGGCTGCAGGCGCGAAACCTCCGCAATGTGAGAAATCGCGACGGGGGGATCCCAAGTGCCATTCTTAACGGGATGGCTTTTCTTAAGTGTAAAAAGCTTTTGGAATAAGAGCTGGGCAAGACCGGTGCCAGCCGCCGCGGTAACACCGGCAGCTCTAGTGGTAGCTGTTTTTATTGGGCCTAAAGCGTTCGTAGCCGGTTTGATAAGTCACTGGTGAAATCCTGTAGCTTAACTGTGGGAATTGCTGGTGATACTGTTGAACTTGAGGTCGGGAGAGGTTAGCGGTACTCCCAGGGTAGAGGTGAAATTCTGTAATCCTGGGAGGACCACCTGTGGCGAAGGCGGCTAACTGGAACGAACCTGACGGTGAGGGACGAAAGCTAGGGGCGCGAACCGGATTAGATACCCGGGTAGTC","Archaea","Euryarchaeota","Methanobacteria","Methanobacteriales","Methanobacteriaceae","Methanobrevibacter",NA
"CCTACGGGAGGCTGCAGCCGCGGTAATACGGAAGGTCCAAGCGTTAATCGGAATTACTGGGCGTAAAGCGCGCGTAGGTGGTTTATTAAGTTGGGTGTGAAAGCCCCGGGCTCAACCTGGGAACTGCATCCAAAACTGATTCACTAGAGTACGAAAGAGGGAGGTAGAATTCACAGTGTAGCGGTGGAATGCGTAGATATTGTGAAGAATACCAATGGCGAAGGCAGCCTCCTGGTTCTGTACTGACACTGAGGTGCGAAAGCGTGGGTAGCGAACAGGATTAGATACCCTAGTAGTC","Bacteria","Proteobacteria","Gammaproteobacteria","Oceanospirillales","SAR86_clade",NA,NA
"CCTACGGGGGGCAGCAGCCGCGGTAATACGTAGGTGGCAAGCGTTATCCGGAATTATTGGGCGTAAAGAGTGAGCAGGCGGTTATTTAAGTCTGAAGTCAAAGGCTATGGCTCAACCATAGTTCGCTTTGGAAACTGGATGACTAGAGTGCGAGAGAGGTAAGCGGAATTCCATGTGTAGCGGTGAAATGCGTAGATATATGGAGGAACACCAGTGGCGAAGGCGGCTTACTAGCTCGTAACTGACGCTCAGTCACGAAAGCGTGGGTAGCAAATAGGATTAGATACCCCAGTAGTC","Bacteria","Firmicutes","Erysipelotrichia","Erysipelotrichales","Erysipelotrichaceae","Erysipelotrichaceae_UCG-004",NA
"CCTACGGGAGGCTGCAGTCGCGAAAACTTCACACTGGAGGCAACTCCGATGAGGGAATTCCTAGTGCTAGCACATTAGTGTTAGCTTTTCTTAAGCGTAGATAACTTAAGGAATAAGGGCTGGGTAAGACGGGTGCCAGCCGCCGCGGTAATACCCGCAGCCCAAGTGGTGGTCGATTTTATTGAGTCTAAAACGTTCGTAGCCGGTTTGGTAAATCCTTGGGTAAATCGAGAGGCTTAACTTCTCGAATTCCGAGGAGACTGCCAAACTTGGGACCGGGAGAGGCGAGAGGTACTTCTGGGGTAGGGGTAAAATCCTGTAATCCTGGAAGGACCACCGGTGGCGAAGGCGTCTCGCTAGAACGGATCCGACGGTGAGGGACGAAGCCCTGGGTCGCAAACGGGATTAGATACCCCTGTAGTC","Archaea","Euryarchaeota","Thermoplasmata","Thermoplasmatales","Thermoplasmatales_Incertae_Sedis",NA,NA
"CCTACGGGCGGCAGCAGCCGCGGTAATACGAGGGGTGCAAGCGTTGTTCGGAATTACTGGGCGTAAAGGGAGCGTAGGCGGAGATTCAAGCGGATTGTACAATCCCGGGGCCCAACCCCGGCTCTGCAGTCCGAACTGGATCTCTTGGATAGTTCAGGGGCAGGCGGAATTCCTGGTGTAGCGGTGGAATGCGTAGAGATCAGGAAGAACACCGATGGCGAAGGCAGCCTGCTGGGGACTTTATCGACGCTGAGGCTCGAAAGTGCGGGTAGCAAACAGGATTAGATACCCCAGTAGTC","Bacteria","Fibrobacteres","Fibrobacteria","Fibrobacterales","Fibrobacteraceae","Fibrobacter",NA
"CCTACGGGCGGCAGCAGGCGCGAAACCTCCGCAATGTGAGAAATCGCGACGGGGGGATCCCAAGTGCCATTCTTAACGGGATGGCTTTTCATTAGTGTAAAGAGCTTTTGGAATAAGAGCTGGGCAAGACCGGTGCCAGCCGCCGCGGTAACACCGGCAGCTCTAGTGGTAGCAGTTTTTATTGGGCCTAAAGCGTCCGTAGCCGGTTTAATAAGTCTCTGGTGAAATCCTGCAGCTTAACTGTGGGAATTGCTGGAGATACTATTAGACTTGAGATCGGGAGAGGTTAGAGGTACTCCCAGGGTAGAGGTGAAATTCTGTAATCCTGGGAGGACCGCCTGTTGCGAAGGCGTCTGACTGGAACGATTCTGACGGTGAGGGACGAAAGCTAGGGGCGCGAACCGGATTAGATATCCGTGTAGTC","Archaea","Euryarchaeota","Methanobacteria","Methanobacteriales","Methanobacteriaceae","Methanobrevibacter",NA
"CCTACGGGTTGTAAAGCTCTGTCGTGTGTGACGAGTAGGGACGGTAACACACAAGGAAGCCTCGGCTAACTACGTGCCAGCAGCCGCGGTAAGACGTAGGGGGCAAGCGTTATCCGGAATCACTGGGCGTAAAGAGCTCGTAGGTGGAAATGTAAGTTATTGAATAAATTCCAATGCTCAACATTGGCTAATTTGATAATACTGCATATCTTGAGGACAGAAGGGGAAACTGGAATTCCAAGTGTAGCGGTGAAATGCGTAGAGATTTGGAAGAACATCGGTGGCGAAGGCGTGTTTCTGGTCTGTATCTGACACTGAGGAGCGAAAGTTAGGGTAGCGAACGGGATTAGATACCCGAGTAGTC","Bacteria","Firmicutes","Clostridia","Halanaerobiales","ODP1230B8.23",NA,NA
"CCTACGGGCGGCTGCAGCCGCGGTAATACGGAGGATCCGAGCGTTATCCGGATTTATTGGGTTTAAAGGGAGCGTAGGCGGACGCTTAAGTCAGTTGTGAAAGTTTGCGGCTCAACCGTAAAATTGCAGTTGATACTGGGTGTCTTGAGTACAGTAGAGGCAGGCGGAATTCGTGGTGTAGCGGTGAAATGCTTAGATATCACGAAGAACTCCGATTGCGAAGGCAGCCTGCTGGACTGTAACTGACGCTGATGCTCGAAAGTGTGGGTATCAAACAGGATTAGATACCCTTGTAGTC","Bacteria","Bacteroidetes","Bacteroidia","Bacteroidales","Bacteroidaceae","Bacteroides",NA
"CCTACGGGAGGCTGCAGGCGCGAAAACTTCACACTGCAGGAAACTGTGATGAGGGAACTCCTAGTGCATGCACATTGTGTATGCTTTTATTGACTTTTAATCGGTCAATGAATAAGGGCTGGGAAAGACCGGTGCCAGCCGCCGCGGTAATACCGGCAGCTCAAGTGGTCGTCGCTTTTATTGGGCCTAAAACGTCCGTAGCCTGTTTGGTAAATCTGTGGGTAAATCAACCAGCTCAACTGGTTGAATTCTGCAGAGACTGCCTCACTAGGAACCGGGAGAGGTGTGAGGTACTCGAGGGGTAGCGGTAAAATGTTGTCATCCTTCGAGGACCACCAGTTGCGAAGGCGTCACACTGGAACGGATTCGACGGTCAGGGACGAAGCCTAGGGGCACGAACCGGATTAGATACCCTAGTAGTC","Archaea","Euryarchaeota","Thermoplasmata","Thermoplasmatales","Marine_Group_II",NA,NA
"CCTACGGGGGGCTGCAGTGGGGGATATTGCACAATGGGGGAAACCCTGATGCAGCGACGCCGCGTGAGGGAAGACGGTCCTCTGGATTGTAAACCTCTGTCTTCGGGGACGAAACGAGACGGTACCCGAGGAGGAAGCCACGGCTAACTACGTGCCAGCAGCCGCGGTAATACGTAGGTGGCAAGCGTTGTCCGGAATTACTGGGTGTAAAGGGAGCGTAGGCGGGCAGGCAAGTCAGGCGTGAAATATATCGGCTCAACCGGTAACGGCGCTTGAGTGCACACAGGGATGTTGGAATTCATGGTGTAGCGGTGAAATGCTTAGATATCATGAAGAACTCCGATCGCGAAGGCATATGTCCGGAGTGCAACTGACGCTGAGGCTCGAAAGTGTGGGTATCAAACAGGATTAGATACCCCTGTAGTC","Bacteria","Firmicutes","Clostridia","Clostridiales","Ruminococcaceae",NA,NA
"CCTACGGGGGGCTGCAGGCGCGAAACCTCCACAATGTACGAAAGTGCGATGGGGGGATCCCAAGTGTCATGCTTATTTGTATGACTTTTCATTAGTGTAAAAAGCTTTTAGAATAAGAGCTGGGCAAGACCGGTGCCAGCCGCCGCGGTAACACCGGCAGCTCGAGTGGTAGCTGTTTTTATTGGGCCTAAAGCGTTCGTAGCCGGTTTGATAAGTCTTTGGTGAAAGCTTGTAGCTTAACTATAAGAATTGCTGGAGATACTATCAGACTTGAAGTCGGGAGAGGTTAGAGGTACTACCGGGGTAGGGGTGAAATCCTATAATCCTGGGAGGACCACCTGTGGCGAAGGCGTCTAACTGGAACGATCTTGACGGTGAGTAACGAAAGCCAGGGGCGCGAACCGGATTAGATACCCGAGTAGTC","Archaea","Euryarchaeota","Methanobacteria","Methanobacteriales","Methanobacteriaceae","Methanosphaera",NA
"CCTACGGGGGGCTGCAGCCGCGGTAATACGTAGGTGGCAAGCGTTGTCCGGAATTATTGGGCGTAAAGCGCGCGCAGGCGGCTTCTTAAGTCCATCTTAAAAGTGCGGGGCTTAACCCCGTGATGGGATGGAAACTGAGAGGCTGGAGTATCGGAGAGGAAAGTGGAATTCCTAGTGTAGCGGTGAAATGCGTAGAGATTAGGAAGAACACCGGTGGCGAAGGCGACTTTCTGGACGACAACTGACGCTGAGGCGCGAAAGCGTGGGGAGCAAACAGGATTAGATACCCCTGTAGTC","Bacteria","Firmicutes","Negativicutes","Selenomonadales","Veillonellaceae","Dialister",NA
"CCTACGGGGGGAGCGAGCGTTGTTCGGAATGACTGGGCGTAAAGGGCGCGTAGGCGGATTGTTAAGTTTGGTGTGAAATACCTGGGCTCAACCTGGGAACTGCATTGAAAACTGGCGATCTAAGAGAATTGAAAGGGATGATGGAATTATGCATGGAGAGGTGGAATTCATAGATATGCATAGGAACACCGGAGGCGAAGGCGATCATCTGGGCAATTTCTGACGCTGAGGCGCGAAAGCGTGGGTAGCAAACAGGATTAGATACCCCTGTAGTC","Bacteria","Proteobacteria","Alphaproteobacteria","Rickettsiales","Rickettsiales_Incertae_Sedis",NA,NA
"CCTACGGGGGGCTTATTGCAGGTACCGCATGAATAAGGACCGGCTAATTCCGTGCCAGCAGCCGCGGTAATACGGAAGGTCCGGGCGTTATCCGGATTTATTGGGTTTAAAGGGAGCGTAGGCCGTCTGGTAAGCGTGTTGTGAAATGTCGGGGCTCAACCTGGGCATTGCAGCGCGAACTGTCAGACTTGAGTGCGCGGGAAGTAGGCGGAATTCGTCGTGTAGCGGTGAAATGCTTAGATATGACGAAGAACTCCGATTGCGAAGGCAGCCTGCTGTAGCGCAACTGACGCTGAAGCTCGAAAGCGTGGGTATCGAACAGGATTAGATACCCCAGTAGTC","Bacteria","Bacteroidetes","Bacteroidia","Bacteroidales","Prevotellaceae","Prevotella_2",NA
"CCTACGGGGGGCAGCAGCCGCGGTAATACGTAGGGGGCAAGCGTTATCCGGATTTACTGGGTGTAAAGGGAGCGTAGACGGCACGGCAAGCCAGATGTGAAAGCCCGGGGCTCAACCCCGGGACTGCATTTGGAACTGCTGAGCTAGAGTGTCGGAGAGGCAAGTGGAATTCCTAGTGTAGCGGTGAAATGCGTAGATATTAGGAGGAACACCAGTGGCGAAGGCGGCTTGCTGGACGATGACTGACGTTGAGGCTCGAAAGCGTGGGGAGCAAACAGGATTAGATACCCTTGTAGTC","Bacteria","Firmicutes","Clostridia","Clostridiales","Lachnospiraceae","Dorea",NA
"CCTACGGGTGGCAGCAGCCGCGGTAATACGTAGGTGACAAGCGTTGTTCGGATTCATTGGGCGTAAAGGGTCCGCAGGTGGTTTGATAAGTCTGACGTGAAATACCGGAGCTCAACTCCGGAACTGCGTTGGAGACTGTTGAACTGGAGTATCGGAGAGGAAATTGGAATTCCAGGTGTAGCGGTGGAATGCGTAGATATCTGGAAGAACATCGACAGCGAAGGCAGATTTCTGGACGATAACTGACACTCAGGGACGAAAGCATGGGGAGCAAACAGGATTAGATACCCCTGTAGTC","Bacteria","Lentisphaerae","Lentisphaeria","Victivallales","vadinBE97",NA,NA
"CCTACGGGGGGCTTATTGCAGGTACCCTATGAATAAGGACCGGCTAATTCCGTGCCAGCAGCCGCGGTAATACGGAAGGTCCGGGCGTTATCCGGATTTATTGGGTTTAAAGGGAGCGTAGGCCGTCTTATAAGCGTGTTGTGAAATGTCGGGGCTCAACCTGGGCATTGCAGCGCGAACTGTGAGACTTGAGTGCGCAGGAAGTAGGCGGAATTCGTCGTGTAGCGGTGAAATGCTTAGATATGACGAAGAACTCCGATTGCGAAGGCAGCCTGCTGTAGCGCAACTGACGCTGAAGCTCGAAAGCGTGGGTATCGAACAGGATTAGATACCCGGGTAGTC","Bacteria","Bacteroidetes","Bacteroidia","Bacteroidales","Prevotellaceae","Prevotella_2",NA
"CCTACGGGAGGCTTATTGCAGGTACCGCATGAATAAGGACCGGCTAATTCCGTGCCAGCAGCCGCGGTAATACGGAAGGTCCGGGCGTTATCCGGATTTATTGGGTTTAAAGGGAGCGTAGGCCGTCTGGTAAGCGTGTTGTGAAATGTCGGGGCTCAACCTGGGCATTGCAGCGCGAACTGTCAGACTTGAGTGCGCGGGAAGTAGGCGGAATTCGTCGTGTAGCGGTGAAATGCTTAGATATGACGAAGAACTCCGATTGCGAAGGCAGCCTGCTGTAGCGCAACTGACGCTGAAGCTCGAAAGCGTGGGTATCGAACAGGATTAGATACCCCAGTAGTC","Bacteria","Bacteroidetes","Bacteroidia","Bacteroidales","Prevotellaceae","Prevotella_2",NA
"CCTACGGGAGGCAGCAGCCGCGGTAATACGTAGGTGGCAAGCGTTGTCCGGATTTACTGGGTGTAAAGGGCGTGTAGCCGGGAGGGCAAGTCAGATGTGAAATCCACGGGCTCAACTCGTGAACTGCATTTGAAACTACTCTTCTTGAGTATCGGAGAGGCAATCGGAATTCCTAGTGTAGCGGTGAAATGCGTAGATATTAGGAGGAACACCAGTGGCGAAGGCGGATTGCTGGACGACAACTGACGGTGAGGCGCGAAAGCGTGGGGAGCAAACAGGATTAGATACCCCGGTAGTC","Bacteria","Firmicutes","Clostridia","Clostridiales","Ruminococcaceae","Ruminococcaceae_UCG-002",NA
"CCTACGGGCGGCTTATTGCAGGTACCGTATGAATAAGGACCGGCTAATTCCGTGCCAGCAGCCGCGGTAATACGGAAGGTCCGGGCGTTATCCGGATTTATTGGGTTTAAAGGGAGCGTAGGCCGTCTGTTAAGCGTGTTGTGAAATGTCGGGGCTCAACCTGGGCATTGCAGCGCGAACTGGCAGACTTGAGTGTACAGGAAGTAGGCGGAATTCGTCGTGTAGCGGTGAAATGCTTAGATATGACGAAGAACTCCGATTGCGAAGGCAGCCTGCTGTAGTGCAACTGACGCTGAAGCTCGAAAGCGTGGGTATCGAACAGGATTAGATACCCCTGTAGTC","Bacteria","Bacteroidetes","Bacteroidia","Bacteroidales","Prevotellaceae","Prevotella_2",NA
"CCTACGGGAGGCTGCCGCGGTAAAACGTAGGTCACAAGCGTTGTCCGGAATTACTGGGTGTAAAGGGAGCGCAGGCGGGAGAACAAGTTGGAAGTGAAATCCATGGGCTCAACCCATGAACTGCTTTCAAAACTGTTTTTCTTGAGTAGTGCAGAGGTAGGCGGAATTCCCGGTGTAGCGGTGGAATGCGTAGATATCGGGAGGAACACCAGTGGCGAAGGCGGCCTACTGGGCACCAACTGACGCTGAGGCTCGAAAGTGTGGGTAGCAAACAGGATTAGATACCCCAGTAGTC","Bacteria","Firmicutes","Clostridia","Clostridiales","Ruminococcaceae","Faecalibacterium",NA
"CCTACGGGGGGCTTCTTGCAAGTATCGGACGAATAAGCATCGGCTAACTCCGTGCCAGCAGCCGCGGTAATACGGAGGATGCGAGCGTTATCCGGATTTATTGGGTTTAAAGGGTGCGTAGGTGGTTTGTTAAGTTTGTGGTGAAAGCGTGCGGCTCAACCGTACCAAGCCATGAAAACTGGCGAACTTGAGTGCAAACGAGGTAGGCGGAATGTGATGTGTAGCGGTGAAATGCTTAGATATGTCACAGAACCCCGATTGCGAAGGCAGCTTACCAGCATGCAACTGACACTGAGGCACGAAAGCGTGGGTATCAAACAGGATTAGATACCCCTGTAGTC","Bacteria","Bacteroidetes","Bacteroidia","Bacteroidales","Bacteroidales_RF16_group",NA,NA
"CCTACGGGGGGCTGCAGCCGCGGTAATACGTATGGTGCAAGCGTTATCCGGATTTACTGGGTGTAAAGGGAGCGCAGGCGGTGCGGCAAGTCTGATGTGAAAGCCCGGGGCTCAACCCCGGTACTGCATTGGAAACTGTCGTACTAGAGTGTCGGAGGGGTAAGCGGAATTCCTAGTGTAGCGGTGAAATGCGTAGATATTAGGAGGAACACCAGTGGCGAAGGCGGCTTACTGGACGATAACTGACGCTGAGGCTCGAAAGCGTGGGGAGCAAACAGGATTAGATACCCGTGTAGTC","Bacteria","Firmicutes","Clostridia","Clostridiales","Lachnospiraceae","Roseburia",NA
"CCTACGGGGGGCAGGGAATGGCTCTCCGATGACGTTAGGTGATGAATAAGCCACGGCTAACTACGTGCCAGCAGCCGCGGTAACACGTAGGTGGCGAGCGTTGTTCGGATTTATTGGGCGTAAAGGGCGCGTAGGCGGAGGCTCAAGCTTGGTGTAAAATACCCCGGCTCAACTGGGGAGATGCGCTGAGAACTGAGCCACTAGAGTCCAGGAGGGGGAGCCGGAATTCCAGGTGTAGGGGTGAAATCTGTAGATATCTGGAAGAACACCGGTGGCGAAGGCGGGCTCCTGGCCATGGACTGACGCTGAGGCGCGAAAGTGTGGGGAGCGAACAGGATTAGATACCCCGGTAGTC","Bacteria","Spirochaetae","Spirochaetes","Spirochaetales","Spirochaetaceae","Spirochaeta_2",NA
"CCTACGGGGGGCTGCAGCCGCGGTAATACGTATGGTGCAAGCGTTATCCGGATTTACTGGGTGTAAAGGGAGCGCAGGCGGTGCGGCAAGTCTGATGTGAAAGCCCGGGGCTCAACCCCGGTACTGCATTGGAAACTGTCGTACTAGAGTGTCGGAGGGGTAAGCGGAATTCCTAGTGTAGCGGTGAAATGCGTAGATATTAGGAGGAACACCAGTGGCGAAGGCGGCTTACTGGACGATAACTGACGCTGAGGCTCGAAAGCGTGGGGAGCAAACAGGATTAGATACCCCAGTAGTC","Bacteria","Firmicutes","Clostridia","Clostridiales","Lachnospiraceae","Roseburia",NA
"CCTACGGGCGGCTGCAGTGAGGAATATTGGTCAATGGACGAGAGTCTGAACCAGCCAAGTAGCGTGCAGTATGTATACTGTTTTGTATGTATAATATGAATAAGGATCGGCTAACTCCGTGCCAGCAGCCGCGGTAATACGGAGGATCCGAGCGTTATCCGGATTTATTGGGTTTAAAGGGAGCGTAGGTGGACTGGTAAGTCAGTTGTGAAAGTTTGCGGCTCAACCGTAAAATTGCAGTTGATACTGTCAGTCTTGAGTACAGTAGAGGTGGGCGGAATTCGTGGTGTAGCGGTGAAATGCTTAGATATCACGAAGAACTCCGATTGCGAAGGCAGCTCACTGGACTGCAACTGACACTGATGCTCGAAAGTGTGGGTATCAAACAGGATTAGATACCCCAGTAGTC","Bacteria","Bacteroidetes","Bacteroidia","Bacteroidales","Bacteroidaceae","Bacteroides",NA
"CCTACGGGGGGCTGCAGCCGCGGTAATACGTATGGTGCAAGCGTTATCCGGATTTACTGGGTGTAAAGGGAGCGCAGGCGGTGCGGCAAGTCTGATGTGAAAGCCCGGGGCTCAACCCCGGTACTGCATTGGAAACTGTCGTACTAGAGTGTCGGAGGGGTAAGCGGAATTCCTAGTGTAGCGGTGAAATGCGTAGATATTAGGAGGAACACCAGTGGCGAAGGCGGCTTACTGGACGATAACTGACGCTGAGGCTCGAAAGCGTGGGGAGCAAACAGGATTAGATACCCTTGTAGTC","Bacteria","Firmicutes","Clostridia","Clostridiales","Lachnospiraceae","Roseburia",NA
"CCTACGGGTGGCTGCAGTGGGGAATATTGCACAATGGAGGAAACTCTGATGCAGCGACGCCGCGTGAGCGAAGAAGTATTTCGGTATGTAAAGCTCTGTCAGCAGGGAAGATAATGACGGTACCTGACCAAGAAGCCCCGGCTAACTACGTGCCAGCAGCCGCGGTAATACGTAGGCGGGCGATCAAGTTGGAAGTGAAATCCATGGGCTCAACCCATGAACTGCTTTCAAAACTGATTGTCTTGAGTAGTGCAGAGGTAGGCGGAATTCCCGGTGTAGCGGTGGAATGCGTAGATATCGGGAGGAACACCAGTGGCGAAGGCGGCCTACTGGGCACCAACTGACGCTGAGGCTCGAAAGTGTGGGTAGCAAACAGGATTAGATACCCCTGTAGTC","Bacteria","Firmicutes","Clostridia","Clostridiales","Ruminococcaceae","Anaerofilum",NA
"CCTACGGGGGGCAAGCGTTATCCGGATTTACTGGGTGTAAAGGGAGCGTAGACGGTTTTGCAAGTCTGAAGTGAAAGCCCGGGGCTTAACCCCGGGACTGCTTTGGAAACTGTAGGACTAGAGTGCAGGAGAGGTAAGTGGAATTCCTAGTGTAGCGGTGAAATGCGTAGATATTAGGAGGAACACCAGTGGCGAAGGCGGCTTACTGGACTGTAACTGACGTTGAGGCTCGAAAGCGTGGGGAGCAAACAGGATTAGATACCCTGGTAGTC","Bacteria","Firmicutes","Clostridia","Clostridiales","Lachnospiraceae","Lachnospiraceae_NK4A136_group",NA
"CCTACGGGCGGCTGCAGCCGCGGTAATACGTATGGTGCAAGCGTTATCCGGATTTACTGGGTGTAAAGGGAGCGCAGGCGGTGCGGCAAGTCTGATGTGAAAGCCCGGGGCTCAACCCCGGTACTGCATTGGAAACTGTCGTACTAGAGTGTCGGAGGGGTAAGTGGAATTCCTAGTGTAGCGGTGAAATGCGTAGATATTAGGAGGAACACCAGTGGCGAAGGCGGCTTACTGGACGATAACTGACGCTGAGGCTCGAAAGCGTGGGGAGCAAACAGGATTAGATACCCGTGTAGTC","Bacteria","Firmicutes","Clostridia","Clostridiales","Lachnospiraceae","Roseburia",NA
"CCTACGGGAGGCTGCAGCCGCGGTAATACGTAGGTGGCGAGCGTTATCCGGAATTACTGGGTGTAAAGGGTGTGTAGGCGGGATAGCAAGTCAGATGTGAAAATTATGGGCTTAACCCATAACCTGCATTTGAAACTGTTATTCTTGAGTGTCGGAGAGGTAAATGGAATTCCCGGTGTAGCGGTGAAATGCGTAGATATCGGGAGGAACACCAGTGGCGAAGGCGGTTTACTGGACGACAACTGACGCTGAGACACGAAAGCGTGGGGAGCAAACAGGATTAGATACCCTTGTAGTC","Bacteria","Firmicutes","Clostridia","Clostridiales","Ruminococcaceae","Ruminococcaceae_UCG-010",NA
"CCTACGGGGGGCAAGCGTTATCCGGATTTACTGGGTGTAAAGGGAGCGTAGACGGTTTTGCAAGTCTGAAGTGAAAGCCCGGGGCTTAACCCCGGGACTGCTTTGGAAACTGTAGGACTAGAGTGCAGGAGAGGTAAGTGGAATTCCTAGTGTAGCGGTGAAATGCGTAGATATTAGGAGGAACACCAGTGGCGAAGGCGGCTTACTGGACTGTAACTGACGTTGAGGCTCGAAAGCGTGGGGAGCAAACAGGATTAGATACCCCTGTAGTC","Bacteria","Firmicutes","Clostridia","Clostridiales","Lachnospiraceae","Lachnospiraceae_NK4A136_group",NA
"CCTACGGGTGGCAGCAGCCGCGGTAATACGGAGGGTGCAAGCGTTGTCCGGAATCATTGGGCGTAAAGAGTTCGTAGGTGGTTTGTTAAGTCTGGTGTCAAAGCCCGAAGCTCAACTTCGGTTCGGCATCGGATACTGGCAGACTAGAATGCGGTAGAGGTAAAGGGAATTCCTGGTGTAGCGGTGAAATGCGTAGATATCAGGAGGAACATCGGTGGCGTAAGCGCTTTACTGGGCCGTAATTGACACTGAGGAACGAAAGCCGGGGTAGCAAATGGGATTAGATACCCCGGTAGTC","Bacteria","Cyanobacteria","Melainabacteria","Gastranaerophilales",NA,NA,NA
"CCTACGGGTGGCTTATTGCAGGTACCGTATGAATAAGGACCGGCTAATTCCGTGCCAGCAGCCGCGGTAATACGGAAGGTCCGGGCGTTATCCGGATTTATTGGGTTTAAAGGGAGCGTAGGCCGTCTGTTAAGCGTGTTGTGAAATGTCGGGGCTCAACCTGGGCATTGCAGCGCGAACTGGCAGACTTGAGTGCACGGGAAGTAGGCGGAATTCGTCGTGTAGCGGTGAAATGCTTAGATATGACGAAGAACTCCGATTGCGAAGGCAGCCTGCTGTAGTGCAACTGACGCTGAAGCTCGAAAGCGTGGGTATCGAACAGGATTAGATACCCCGGTAGTC","Bacteria","Bacteroidetes","Bacteroidia","Bacteroidales","Prevotellaceae","Prevotella_2",NA
"CCTACGGGTGGCTTATTGCAGGTACCGTATGAATAAGGACCGGCTAATTCCGTGCCAGCAGCCGCGGTAATACGGAAGGTCCGGGCGTTATCCGGATTTATTGGGTTTAAAGGGAGCGTAGGCCGTCTGTTAAGCGTGTTGTGAAATGTCGGGGCTCAACCTGGGCATTGCAGCGCGAACTGGCAGACTTGAGTGCACGGGAAGTAGGCGGAATTCGTCGTGTAGCGGTGAAATGCTTAGATATGACGAAGAACTCCGATTGCGAAGGCAGCCTGCTGTAGTGCAACTGACGCTGAAGCTCGAAAGCGTGGGTATCGAACAGGATTAGATACCCTAGTAGTC","Bacteria","Bacteroidetes","Bacteroidia","Bacteroidales","Prevotellaceae","Prevotella_2",NA
"CCTACGGGGGGCTGCAGCCGCGGTAATACGTAGGTGGCGAGCGTTGTCCGGAATTATTGGGCGTAAAAAGCATGTAGGCGGTTTTTTAAGTCTGGAGTGAAAATGCGGGGCTCAACCCCGTATGGCTCTGGATACTGGAAGACTTGAGTGCAGGAGAGGAAAGGGGAATTCCCAGTGTAGCGGTGAAATGCGTAGATATTGGGAGGAACACCAGTGGCGAAGGCGCCTTTCTGGACTGTGTCTGACGCTGAGATGCGAAAGCCAGGGTAGCGAACGGGATTAGATACCCGTGTAGTC","Bacteria","Firmicutes","Negativicutes","Selenomonadales","Acidaminococcaceae","Phascolarctobacterium",NA
"CCTACGGGCGGCAGCAGTGGGGAATATTGCACAATGGGGGAAACCCTGATGTAGCGACGCCGCGTGAAGGAAGAAGTATCTCGGTATGTAAACTTCTATCAGCAGGGAAGATAGTGACGGTACCTGACTAAGAAGCCCCGGCTAACTACGTGCCAGCAGCCGCGGTAATACGTAGGGGGCATGCAGGCGGTTCATCAAGTAGGATGTGAAATCCCCGGGCTCAACCTGGGAACAGCATACTAAACTGGTGGACTAGAGTATTGCAGGGGGAGACGGAATTCCAGGTGTAGCGGTGGAATGCGTAGATATCTGGAAGAACACCAAAGGCGAAGGCAGTCTCCTGGGCAAATACTGACGCTCATATGCGAAAGCGTGGGTAGCAAACAGGATTAGATACCCTTGTAGTC","Bacteria","Proteobacteria","Gammaproteobacteria","Aeromonadales","Succinivibrionaceae",NA,NA
"CCTACGGGTGGCTTATTGCAGGTACCGTATGAATAAGGACCGGCTAATTCCGTGCCAGCAGCCGCGGTAATACGGAGGATCCGAGCGTTATCCGGATTTATTGGGTTTAAAGGGAGCGTAGGTGGATTGTTAAGTCAGTTGTGAAAGTTTGCGGCTCAACCGTAAAATTGCAGTTGAAACTGGCAGTCTTGAGTACAGTAGAGGTGGGCGGAATTCGTGGTGTAGCGGTGAAATGCTTAGATATCACGAAGAACTCCGATTGCGAAGGCAGCTCACTAGACTGCAACTGACACTGATGCTCGAAAGTGTGGGTATCAAACAGGATTAGATACCCCAGTAGTC","Bacteria","Bacteroidetes","Bacteroidia","Bacteroidales","Bacteroidaceae","Bacteroides",NA
"CCTACGGGAGGCTGCAGTGGGGAATATTGCACAATGGGCGCAAGCCTGATGCAGCAACGCCGCGTGAGGGAAGACGGTACCACTTGAATAAGCCACGGCTAACTACGTGCCAGCAGCCGCGGTAATACGTAGGTGGCAAGCGTTGTCCGGATTTACTGGGTGTAAAGGGCGTGCAGCCGGGCATGCAAGTCAGATGTGAAATCTCAGGGCTTAACCCTGAAACTGCATTTGAAACTGTATGTCTTGAGTGCCGGAGAGGTAATCGGAATTCCTTGTGTAGCGGTGAAATGCGTAGATATAAGGAAGAACACCAGTGGCGAAGGCGGATTACTGGACGGTAACTGACGGTGAGGCGCGAAAGCGTGGGGAGCGAACAGGATTAGATACCCCAGTAGTC","Bacteria","Firmicutes","Clostridia","Clostridiales","Ruminococcaceae","Ruminococcaceae_UCG-003",NA
"CCTACGGGAGGCTGCCGCGGTAAAACGTAGGTCACAAGCGTTGTCCGGAATTACTGGGTGTAAAGGGAGCGCAGGCGGGAGAACAAGTTGGAAGTGAAATCCATGGGCTCAACCCATGAACTGCTTTCAAAACTGTTTTTCTTGAGTAGTGCAGAGGTAGGCGGAATTCCCGGTGTAGCGGTGGAATGCGTAGATATCGGGAGGAACACCAGTGGCGAAGGCGGCCTACTGGGCACCAACTGACGCTGAGGCTCGAAAGTGTGGGTAGCAAACAGGATTAGATACCCGTGTAGTC","Bacteria","Firmicutes","Clostridia","Clostridiales","Ruminococcaceae","Faecalibacterium",NA
"CCTACGGGCGGCTGCAGCCGCGGTAATACGTATGGTGCAAGCGTTATCCGGATTTACTGGGTGTAAAGGGAGCGCAGGCGGTGCGGCAAGTCTGATGTGAAAGCCCGGGGCTCAACCCCGGTACTGCATTGGAAACTGTCGTACTAGAGTGTCGGAGGGGTAAGTGGAATTCCTAGTGTAGCGGTGAAATGCGTAGATATTAGGAGGAACACCAGTGGCGAAGGCGGCTTACTGGACGATAACTGACGCTGAGGCTCGAAAGCGTGGGGAGCAAACAGGATTAGATACCCGAGTAGTC","Bacteria","Firmicutes","Clostridia","Clostridiales","Lachnospiraceae","Roseburia",NA
"CCTACGGGCGGCTGCAGCCGCGGTAATACGTATGGTGCAAGCGTTATCCGGATTTACTGGGTGTAAAGGGAGCGCAGGCGGTGCGGCAAGTCTGATGTGAAAGCCCGGGGCTCAACCCCGGTACTGCATTGGAAACTGTCGTACTAGAGTGTCGGAGGGGTAAGTGGAATTCCTAGTGTAGCGGTGAAATGCGTAGATATTAGGAGGAACACCAGTGGCGAAGGCGGCTTACTGGACGATAACTGACGCTGAGGCTCGAAAGCGTGGGGAGCAAACAGGATTAGATACCCCTGTAGTC","Bacteria","Firmicutes","Clostridia","Clostridiales","Lachnospiraceae","Roseburia",NA
"CCTACGGGCGGCTGCAGCCGCGGTAATACGTATGGTGCAAGCGTTATCCGGATTTACTGGGTGTAAAGGGAGCGCAGGCGGTGCGGCAAGTCTGATGTGAAAGCCCGGGGCTCAACCCCGGTACTGCATTGGAAACTGTCGTACTAGAGTGTCGGAGGGGTAAGTGGAATTCCTAGTGTAGCGGTGAAATGCGTAGATATTAGGAGGAACACCAGTGGCGAAGGCGGCTTACTGGACGATAACTGACGCTGAGGCTCGAAAGCGTGGGGAGCAAACAGGATTAGATACCCTTGTAGTC","Bacteria","Firmicutes","Clostridia","Clostridiales","Lachnospiraceae","Roseburia",NA
"CCTACGGGCGGCTGCAGCCGCGGTAATACGTATGGTGCAAGCGTTATCCGGATTTACTGGGTGTAAAGGGAGCGCAGGCGGTGCGGCAAGTCTGATGTGAAAGCCCGGGGCTCAACCCCGGTACTGCATTGGAAACTGTCGTACTAGAGTGTCGGAGGGGTAAGTGGAATTCCTAGTGTAGCGGTGAAATGCGTAGATATTAGGAGGAACACCAGTGGCGAAGGCGGCTTACTGGACGATAACTGACGCTGAGGCTCGAAAGCGTGGGGAGCAAACAGGATTAGATACCCCGGTAGTC","Bacteria","Firmicutes","Clostridia","Clostridiales","Lachnospiraceae","Roseburia",NA
"CCTACGGGTGGCTGCAGTGGGGAATATTGCACAATGGAGGAAACTCTGATGCAGCGACGCCGCGTGAGCGAAGAAGTATTTCGGTATGTAAAGCTCTGTCAGCAGGGAAGATAATGACGGTACCTGACCAAGAAGCCCCGGCTAACTACGTGCCAGCAGCCGCGGTAATACGTAGGCGGGCGATCAAGTTGGAAGTGAAATCCATGGGCTCAACCCATGAACTGCTTTCAAAACTGATTGTCTTGAGTAGTGCAGAGGTAGGCGGAATTCCCGGTGTAGCGGTGGAATGCGTAGATATCGGGAGGAACACCAGTGGCGAAGGCGGCCTACTGGGCACCAACTGACGCTGAGGCTCGAAAGTGTGGGTAGCAAACAGGATTAGATACCCGGGTAGTC","Bacteria","Firmicutes","Clostridia","Clostridiales","Ruminococcaceae","Anaerofilum",NA
"CCTACGGGGGGCTTCTTGCAAGTATCGGACGAATAAGCATCGGCTAACTCCGTGCCAGCAGCCGCGGTAATACGGAGGATGCGAGCGTTATCCGGATTTATTGGGTTTAAAGGGTGCGTAGGTGGTTTGTTAAGTTTGTGGTGAAAGCGTGCGGCTCAACCGTACCAAGCCATGAAAACTGGCGAACTTGAGTGCAAACGAGGTAGGCGGAATGTGATGTGTAGCGGTGAAATGCTTAGATATGTCACAGAACCCCGATTGCGAAGGCAGCTTACCAGCATGCAACTGACACTGAGGCACGAAAGCGTGGGTATCAAACAGGATTAGATACCCGAGTAGTC","Bacteria","Bacteroidetes","Bacteroidia","Bacteroidales","Bacteroidales_RF16_group",NA,NA
"CCTACGGGGGGCTGCAGCCGCGGTAATACGTAGGTGACAAGCGTTGTTCGGATTCATTGGGCGTAAAGGGTCCGCAGGTGGTTTGATAAGTCTGACGTGAAATACCGGAGCTCAACTCCGGAACTGCGTTGGAGACTGTTGAACTGGAGTATCGGAGAGGAAATTGGAATTCCAGGTGTAGCGGTGGAATGCGTAGATATCTGGAAGAACATCGACAGCGAAGGCAGATTTCTGGACGATAACTGACACTCAGGGACGAAAGCATGGGGAGCAAACAGGATTAGATACCCGGGTAGTC","Bacteria","Lentisphaerae","Lentisphaeria","Victivallales","vadinBE97",NA,NA
"CCTACGGGGGGCTGCAGCCGCGGTAATACGTAGGTGACAAGCGTTGTTCGGATTCATTGGGCGTAAAGGGTCCGCAGGTGGTTTGATAAGTCTGACGTGAAATACCGGAGCTCAACTCCGGAACTGCGTTGGAGACTGTTGAACTGGAGTATCGGAGAGGAAATTGGAATTCCAGGTGTAGCGGTGGAATGCGTAGATATCTGGAAGAACATCGACAGCGAAGGCAGATTTCTGGACGATAACTGACACTCAGGGACGAAAGCATGGGGAGCAAACAGGATTAGATACCCTTGTAGTC","Bacteria","Lentisphaerae","Lentisphaeria","Victivallales","vadinBE97",NA,NA
"CCTACGGGAGGCTGCAGCCGCGGTAATACGTAGGTGGCGAGCGTTATCCGGAATTACTGGGTGTAAAGGGTGTGTAGGCGGGATAGCAAGTCAGATGTGAAAATTATGGGCTTAACCCATAACCTGCATTTGAAACTGTTATTCTTGAGTGTCGGAGAGGTAAATGGAATTCCCGGTGTAGCGGTGAAATGCGTAGATATCGGGAGGAACACCAGTGGCGAAGGCGGTTTACTGGACGACAACTGACGCTGAGACACGAAAGCGTGGGGAGCAAACAGGATTAGATACCCGAGTAGTC","Bacteria","Firmicutes","Clostridia","Clostridiales","Ruminococcaceae","Ruminococcaceae_UCG-010",NA
"CCTACGGGGGGCAGCAGCCGCGGTAATACGTAGGGGGCAAGCGTTATCCGGATTTACTGGGTGTAAAGGGAGCGTAGACGGCACGGCAAGCCAGATGTGAAAGCCCGGGGCTCAACCCCGGGACTGCATTTGGAACTGCTGAGCTAGAGTGTCGGAGAGGCAAGTGGAATTCCTAGTGTAGCGGTGAAATGCGTAGATATTAGGAGGAACACCAGTGGCGAAGGCGGCTTGCTGGACGATGACTGACGTTGAGGCTCGAAAGCGTGGGGAGCAAACAGGATTAGATACCCGAGTAGTC","Bacteria","Firmicutes","Clostridia","Clostridiales","Lachnospiraceae","Dorea",NA
"CCTACGGGGGGCAAGCGTTATCCGGATTTACTGGGTGTAAAGGGAGCGTAGACGGTTTTGCAAGTCTGAAGTGAAAGCCCGGGGCTTAACCCCGGGACTGCTTTGGAAACTGTAGGACTAGAGTGCAGGAGAGGTAAGTGGAATTCCTAGTGTAGCGGTGAAATGCGTAGATATTAGGAGGAACACCAGTGGCGAAGGCGGCTTACTGGACTGTAACTGACGTTGAGGCTCGAAAGCGTGGGGAGCAAACAGGATTAGATACCCGGGTAGTC","Bacteria","Firmicutes","Clostridia","Clostridiales","Lachnospiraceae","Lachnospiraceae_NK4A136_group",NA
"CCTACGGGCGGCTGCAGCCGCGGTAATACGTATGGTGCAAGCGTTATCCGGATTTACTGGGTGTAAAGGGAGCGCAGGCGGTGCGGCAAGTCTGATGTGAAAGCCCGGGGCTCAACCCCGGTACTGCATTGGAAACTGTCGTACTAGAGTGTCGGAGGGGTAAGTGGAATTCCTAGTGTAGCGGTGAAATGCGTAGATATTAGGAGGAACACCAGTGGCGAAGGCGGCTTACTGGACGATAACTGACGCTGAGGCTCGAAAGCGTGGGGAGCAAACAGGATTAGATACCCCAGTAGTC","Bacteria","Firmicutes","Clostridia","Clostridiales","Lachnospiraceae","Roseburia",NA
